-- phpMyAdmin SQL Dump
-- version 3.5.2.2
-- http://www.phpmyadmin.net
--
-- Host: 127.0.0.1
-- Generation Time: Apr 26, 2013 at 05:17 AM
-- Server version: 5.5.27
-- PHP Version: 5.4.7

SET SQL_MODE="NO_AUTO_VALUE_ON_ZERO";
SET time_zone = "+00:00";


/*!40101 SET @OLD_CHARACTER_SET_CLIENT=@@CHARACTER_SET_CLIENT */;
/*!40101 SET @OLD_CHARACTER_SET_RESULTS=@@CHARACTER_SET_RESULTS */;
/*!40101 SET @OLD_COLLATION_CONNECTION=@@COLLATION_CONNECTION */;
/*!40101 SET NAMES utf8 */;

--
-- Database: `flame_cms`
--

-- --------------------------------------------------------

--
-- Table structure for table `admins`
--

CREATE TABLE IF NOT EXISTS `admins` (
  `UID` varchar(30) NOT NULL,
  `UPass` varchar(30) NOT NULL,
  `Uemail` varchar(100) NOT NULL,
  `uType` varchar(25) NOT NULL,
  PRIMARY KEY (`UID`),
  UNIQUE KEY `Uemail` (`Uemail`)
) ENGINE=InnoDB DEFAULT CHARSET=latin1;

--
-- Dumping data for table `admins`
--

INSERT INTO `admins` (`UID`, `UPass`, `Uemail`, `uType`) VALUES
('saqibamin', 'sirGJrhYBZ8VQ', 'saqib.amin1@gmail.com', 'super'),
('test1', 'sibGuSkli67FY', 'saqib.amin2@gmail.com', 'super'),
('test2', 'sibGuSkli67FY', 'saqib.amin3@gmail.com', 'super'),
('test3', 'sirGJrhYBZ8VQ', 'saqibamin@outlook.com', 'super'),
('test4', 'sibGuSkli67FY', 'saqib.amin4@gmail.com', 'super'),
('test5', 'siQyioupjEmhY', 'test@test.com', 'super');

-- --------------------------------------------------------

--
-- Table structure for table `captcha`
--

CREATE TABLE IF NOT EXISTS `captcha` (
  `id` int(11) NOT NULL AUTO_INCREMENT,
  `value` varchar(6) NOT NULL,
  PRIMARY KEY (`id`),
  UNIQUE KEY `value` (`value`)
) ENGINE=InnoDB  DEFAULT CHARSET=latin1 AUTO_INCREMENT=1501 ;

--
-- Dumping data for table `captcha`
--

INSERT INTO `captcha` (`id`, `value`) VALUES
(1417, '1279'),
(1362, '12nz'),
(485, '15mv4x'),
(26, '16vuq'),
(1244, '17bp'),
(1025, '1a2y5'),
(1266, '1as5v'),
(514, '1b79r'),
(1342, '1bcm8'),
(284, '1bf8'),
(1195, '1bjih'),
(235, '1bt68'),
(1456, '1d1vx'),
(636, '1dfpy'),
(449, '1dtth'),
(1151, '1g9eg'),
(1185, '1gbuw'),
(848, '1gsq'),
(769, '1i13ke'),
(115, '1j7ej'),
(327, '1pfz'),
(403, '1pifwy'),
(1367, '1qtqw'),
(438, '1r3dz7'),
(1288, '1r6ym'),
(124, '1rx1'),
(94, '1snth'),
(1226, '1t13'),
(1233, '1t3yd'),
(969, '1uq2e'),
(1301, '1utg'),
(365, '1uw3h'),
(1436, '1vsx'),
(1451, '1w56a'),
(1283, '1yrn6'),
(469, '1yzg4w'),
(1279, '1z6t2v'),
(347, '1z6y'),
(1228, '23i1f'),
(61, '23mgw'),
(805, '249h'),
(276, '258xs'),
(1042, '25jbb1'),
(54, '267dg'),
(1024, '26zg8'),
(1046, '26zm'),
(632, '27gd'),
(1179, '287uj'),
(1322, '288j2i'),
(1234, '28ur1'),
(940, '29hp'),
(517, '2b5w6k'),
(1457, '2bw39'),
(1380, '2c6xi'),
(1069, '2c8sq'),
(974, '2cup6'),
(238, '2eu6'),
(387, '2fzgv'),
(951, '2gb6'),
(1467, '2hra7'),
(291, '2ibtj7'),
(876, '2iiim'),
(246, '2iscj'),
(262, '2k52zs'),
(1082, '2kj1q'),
(1134, '2mdt'),
(32, '2n4sk'),
(1394, '2pbpu'),
(795, '2pub'),
(1213, '2s5jj'),
(1157, '2sd7a'),
(958, '2shn3'),
(1465, '2uw8'),
(1258, '2v12wk'),
(30, '2wdama'),
(1132, '2wuuk'),
(926, '2yaadt'),
(995, '2yzs'),
(1098, '2zaf'),
(993, '31de'),
(1253, '31gue9'),
(338, '33msa'),
(718, '34ajx9'),
(283, '34re'),
(957, '34uvr'),
(950, '3523d'),
(1022, '35vq'),
(619, '37c8'),
(1346, '37tr'),
(934, '37w7z'),
(1412, '39gu2'),
(307, '3amg'),
(1173, '3apwg'),
(635, '3c1s5'),
(1208, '3cb9'),
(898, '3cev'),
(943, '3cm4b'),
(505, '3dihn'),
(1214, '3e3y61'),
(369, '3f2j31'),
(739, '3f8k'),
(1123, '3g2q'),
(212, '3g9fba'),
(1332, '3ghe'),
(1016, '3gxd6'),
(1018, '3iax'),
(1345, '3ijr'),
(1053, '3jbys'),
(532, '3jdux'),
(11, '3k4cdc'),
(304, '3ky64'),
(151, '3n6if'),
(52, '3ncr'),
(581, '3npy32'),
(1336, '3nym6'),
(842, '3pq6'),
(1065, '3psvm'),
(1453, '3px8'),
(295, '3qpf'),
(539, '3r4e'),
(1145, '3t2aa'),
(844, '3tbyd'),
(160, '3tti8r'),
(230, '3v686'),
(747, '3vybx'),
(1348, '3w6jj'),
(1168, '3wub'),
(1422, '3wxkf'),
(598, '3x9a'),
(834, '3x9g3'),
(889, '3xw7c'),
(36, '3yd4'),
(176, '3ypfs'),
(484, '3zfy9s'),
(57, '4199'),
(1360, '44cgy'),
(697, '45hys'),
(1370, '46acd'),
(648, '46p6e'),
(1076, '47ahk'),
(687, '47bd'),
(591, '47nm4z'),
(1113, '489ya'),
(1302, '48gvjj'),
(1122, '48s84'),
(1107, '49knr'),
(1329, '4a42w'),
(1117, '4b9j2j'),
(804, '4cgt'),
(7, '4ct7'),
(653, '4cvw8'),
(803, '4dinvw'),
(464, '4dzpf'),
(189, '4ea7'),
(712, '4eh9sw'),
(51, '4ejq8'),
(1078, '4gjbh'),
(1294, '4hp3t'),
(1304, '4ikn'),
(86, '4k2nf'),
(1419, '4knz'),
(1201, '4kwsi'),
(678, '4msgez'),
(676, '4mvw'),
(422, '4mxn'),
(1460, '4nac'),
(737, '4nr2'),
(253, '4peuy'),
(734, '4pmr7'),
(752, '4pvpb'),
(609, '4qk6xz'),
(134, '4r4mx'),
(538, '4sg67x'),
(487, '4u4i'),
(1272, '4ubk6i'),
(549, '4w1e6'),
(984, '4wg4bt'),
(519, '4xcyef'),
(1292, '4zu4n'),
(1403, '4zyf'),
(1129, '51vg'),
(949, '51y32'),
(167, '52af4'),
(37, '536a7'),
(918, '53bnn'),
(897, '54ax7'),
(1477, '54m6'),
(1188, '54p1q'),
(1080, '54xzu'),
(208, '559i'),
(508, '561w'),
(148, '564btv'),
(1147, '5657'),
(494, '59a5v'),
(584, '59fc5'),
(561, '5a6558'),
(1119, '5a8rs'),
(13, '5ayx'),
(579, '5bu3'),
(1333, '5bxc7'),
(953, '5c4v'),
(258, '5cmb'),
(506, '5d8nj'),
(156, '5gris'),
(1410, '5hb15'),
(1041, '5hfb'),
(103, '5i54dc'),
(409, '5idwb'),
(1397, '5jm6b5'),
(1054, '5khp'),
(757, '5mth'),
(391, '5n57'),
(544, '5nkw'),
(48, '5pnmv'),
(1314, '5r7j'),
(222, '5rck'),
(879, '5sb6y'),
(122, '5t2nj'),
(911, '5tex'),
(695, '5thcry'),
(704, '5v5wg'),
(895, '5vrm'),
(985, '5vxu1p'),
(497, '5w1r'),
(439, '5yv1c'),
(738, '5zrue'),
(996, '62ex'),
(482, '6322'),
(1293, '63cic'),
(621, '64yvi'),
(922, '663t'),
(352, '6663n'),
(1112, '66e2sn'),
(1309, '66qqv'),
(346, '67rk1'),
(1110, '67u6'),
(427, '68dm6'),
(1014, '68xxz'),
(1358, '69k11'),
(856, '6a1uh'),
(689, '6aj5ch'),
(787, '6b313'),
(614, '6c2ak'),
(685, '6d3cy6'),
(1303, '6d8p'),
(1126, '6dd12'),
(359, '6f3z'),
(770, '6fqqg7'),
(820, '6g29'),
(453, '6grk'),
(1231, '6h1i'),
(1087, '6h1un'),
(1243, '6hun'),
(354, '6izyz'),
(822, '6jnwtr'),
(1359, '6m2ge'),
(452, '6mb5h8'),
(1139, '6myvs'),
(1392, '6nxg'),
(418, '6qu6x'),
(2, '6r28c'),
(670, '6u4rt'),
(332, '6uspm'),
(1340, '6v2g'),
(663, '6wba'),
(381, '6wkx'),
(175, '6x69'),
(1377, '6xuv'),
(53, '6yyhn6'),
(1256, '6z5z'),
(400, '73yr7'),
(1092, '753h'),
(417, '762x8'),
(254, '76bsi6'),
(569, '76v3c'),
(64, '77iz'),
(201, '787st'),
(694, '78b3e'),
(851, '79gj'),
(516, '7akcey'),
(269, '7bjm'),
(1264, '7cp9x'),
(1006, '7d4d'),
(917, '7dbmg'),
(812, '7e755'),
(903, '7hb88'),
(1257, '7hhfh'),
(1496, '7j27e'),
(775, '7j94nw'),
(454, '7k8qjv'),
(1425, '7m65a'),
(70, '7p7ay'),
(523, '7pf93'),
(667, '7pyn8'),
(1450, '7q3a'),
(1212, '7qh49'),
(563, '7qv8s'),
(83, '7rkv'),
(1355, '7svp'),
(89, '7u949'),
(123, '7v3hwn'),
(107, '7v59r'),
(475, '7vz3'),
(264, '7w1ym'),
(68, '7x5rt'),
(637, '7yuc98'),
(154, '7zgjk'),
(1307, '7zz1k'),
(33, '824yz'),
(1029, '82b2f'),
(720, '82ymh'),
(868, '83aby'),
(478, '83mic'),
(241, '83znvh'),
(263, '849r'),
(396, '84mv89'),
(414, '85gn'),
(106, '85qm2k'),
(1091, '8698'),
(226, '896dq'),
(211, '8bsr9'),
(159, '8bv6'),
(1167, '8cdw'),
(1178, '8epw'),
(565, '8etcz'),
(962, '8gc5wd'),
(1150, '8gpc'),
(802, '8guqrr'),
(273, '8gz1'),
(1290, '8h12'),
(336, '8ipucs'),
(668, '8ise'),
(161, '8izhf'),
(302, '8j7jw1'),
(939, '8jne'),
(749, '8k3j5x'),
(385, '8kb1'),
(260, '8kqae8'),
(1469, '8mcc'),
(1103, '8me4'),
(315, '8ph1x9'),
(231, '8qsyi'),
(324, '8shri4'),
(1019, '8u2i'),
(152, '8unev'),
(1276, '8v9r2'),
(641, '8wwt7'),
(652, '8x1ke'),
(1375, '8yw9'),
(1335, '8z8yq'),
(117, '8zd61'),
(573, '8zgf9u'),
(664, '92457'),
(435, '92yuk7'),
(1452, '93x44m'),
(566, '944k'),
(1135, '94bh'),
(1295, '94rci7'),
(128, '962nw'),
(45, '97mn'),
(545, '989v1'),
(333, '98ht'),
(719, '9acsi8'),
(293, '9apz'),
(763, '9b4f7'),
(120, '9c3ji'),
(941, '9ccdt'),
(801, '9cm1j'),
(49, '9djm'),
(723, '9dqs'),
(597, '9dyqz8'),
(1269, '9edqp4'),
(1183, '9eiw'),
(1000, '9fks'),
(233, '9gt1s'),
(1354, '9h91u'),
(1490, '9hhtsc'),
(382, '9hk8'),
(305, '9ijpxu'),
(326, '9jhaut'),
(773, '9k6b'),
(16, '9kqc'),
(710, '9m7c'),
(1, '9mir'),
(791, '9mu9tk'),
(1081, '9n6m'),
(456, '9nmb2'),
(421, '9qk3'),
(634, '9qy7p'),
(489, '9r3n'),
(1204, '9stb'),
(1374, '9stmp'),
(1142, '9t8sj'),
(1248, '9ur6q1'),
(1366, '9vgq6'),
(893, '9vikc'),
(1271, '9vvzx'),
(806, '9wkfh'),
(908, '9wwu'),
(529, '9xi2e'),
(101, '9xjw8'),
(96, '9yaep'),
(1162, '9yuqh'),
(515, '9zvrvq'),
(931, 'a17mh'),
(198, 'a1rxb'),
(229, 'a256'),
(371, 'a2tth'),
(768, 'a362'),
(431, 'a4t9j'),
(1194, 'a5xw'),
(967, 'a6r5'),
(335, 'a6tw'),
(278, 'a8ma'),
(1500, 'aaa7'),
(95, 'aage2'),
(373, 'acuz'),
(280, 'adtkk'),
(644, 'aedr'),
(808, 'aedxsj'),
(518, 'aftwg'),
(1149, 'ah29s6'),
(180, 'ahrx3'),
(65, 'ai6wsz'),
(251, 'aiyzip'),
(8, 'aji6'),
(1435, 'akt4'),
(672, 'amua'),
(688, 'ana4'),
(317, 'aqe8'),
(977, 'ar6k'),
(800, 'arsgz'),
(572, 'aryp'),
(1109, 'asrx'),
(987, 'asw4z'),
(227, 'at3m6e'),
(1153, 'at6w'),
(34, 'at9h2'),
(102, 'aw37j'),
(740, 'ay6436'),
(337, 'aydc'),
(224, 'ayrf9'),
(655, 'ayvs'),
(661, 'b1msxy'),
(1171, 'b27y'),
(675, 'b2c572'),
(1100, 'b2uud'),
(713, 'b2yb'),
(905, 'b4ys9'),
(1320, 'b53e'),
(567, 'b5jy'),
(1270, 'b6s1'),
(436, 'b9477w'),
(562, 'b9cz5'),
(1031, 'b9jwd'),
(1391, 'b9tpbj'),
(299, 'ba58'),
(1400, 'bbfw'),
(1058, 'bbyg'),
(901, 'bc95'),
(472, 'bd2q'),
(18, 'bdh8'),
(714, 'begpk'),
(1420, 'bemvw1'),
(1067, 'bfpkv'),
(899, 'bhsts'),
(261, 'bi9ja'),
(937, 'bivj'),
(1164, 'bju61'),
(243, 'bk1dn'),
(444, 'bkji9'),
(138, 'bkn4'),
(980, 'bmp9'),
(303, 'brby1'),
(1230, 'bssyk'),
(1277, 'bte1rm'),
(349, 'buu5'),
(696, 'bv7k'),
(1494, 'bvq5w'),
(368, 'bvqzpf'),
(1172, 'bvysm'),
(1199, 'by3wq'),
(63, 'bybty5'),
(374, 'byd8'),
(528, 'byzed'),
(1242, 'bztda'),
(1040, 'c2zc28'),
(1316, 'c3jp8'),
(1196, 'c4dn'),
(1310, 'c6bij'),
(1466, 'c89e'),
(729, 'cabr'),
(933, 'cbzive'),
(1111, 'cd3kkw'),
(424, 'cddxa'),
(816, 'ce4g'),
(807, 'cehja'),
(1470, 'ceiff'),
(744, 'cfaywn'),
(890, 'cfde'),
(522, 'ciydt'),
(724, 'cj5jj5'),
(158, 'ckwxu8'),
(1328, 'cmj1'),
(415, 'cnah'),
(746, 'cp93c'),
(1043, 'cpm7w'),
(1023, 'cpmc'),
(1371, 'cq5x'),
(361, 'cqay'),
(904, 'cr6tk'),
(405, 'crmn'),
(1237, 'csafk'),
(864, 'ctcm6'),
(923, 'cujpkk'),
(76, 'cwxd'),
(430, 'cx21i'),
(504, 'cx72'),
(1350, 'cxan9'),
(1048, 'cz8iqn'),
(1084, 'czy26'),
(1174, 'd27b'),
(1429, 'd2xn'),
(1468, 'd32f'),
(1216, 'd3v9z'),
(6, 'd4r99'),
(826, 'd5t4'),
(318, 'd684'),
(964, 'd6jh'),
(1221, 'd6sj5'),
(145, 'd71h'),
(1285, 'd7fhyf'),
(792, 'd7tk'),
(367, 'da4qnx'),
(590, 'dbxy'),
(257, 'dctny'),
(62, 'ddic'),
(375, 'dejgb'),
(1265, 'df5thp'),
(1313, 'dgnq8'),
(217, 'dh3v'),
(1062, 'diar'),
(1305, 'dirgj'),
(357, 'djhz1i'),
(471, 'dkpbz'),
(731, 'dm9n6'),
(1033, 'dp4s'),
(1186, 'dpef'),
(756, 'dpjgxb'),
(892, 'dq3dp'),
(978, 'dqrz4k'),
(1260, 'drexx'),
(1308, 'drky1r'),
(270, 'drurx'),
(824, 'ds8w'),
(1011, 'dsfya'),
(772, 'dthu'),
(298, 'dtn1q'),
(771, 'dv57z'),
(390, 'dwptp'),
(524, 'dx95v5'),
(1009, 'dxtfp'),
(1191, 'dxzgs'),
(445, 'dyne'),
(680, 'dzakxj'),
(875, 'dzr5x'),
(1365, 'e1hu'),
(457, 'e1td'),
(1454, 'e2su2'),
(1458, 'e37yy'),
(1368, 'e4vj'),
(410, 'e72jm'),
(992, 'e9at'),
(492, 'e9d93'),
(379, 'e9f4'),
(1035, 'e9fy'),
(836, 'e9zk9z'),
(149, 'ea4wv'),
(956, 'eaejyv'),
(1236, 'eaqyi3'),
(322, 'ebb4'),
(397, 'ebpd8'),
(847, 'ec4i'),
(736, 'ece11a'),
(786, 'edu6'),
(80, 'ee79fv'),
(380, 'eeki'),
(1120, 'eepym'),
(779, 'efi54j'),
(1479, 'ehbn2'),
(983, 'ei5m'),
(1052, 'ei7g'),
(232, 'eicpe'),
(1101, 'ejej'),
(1005, 'em9uc3'),
(1003, 'emjd'),
(29, 'emqp'),
(466, 'emygn'),
(705, 'ep6vz'),
(1341, 'epcw3'),
(948, 'er2v9'),
(1060, 'esgz5u'),
(192, 'euzwdx'),
(761, 'ev7a'),
(1106, 'evr9n2'),
(301, 'ex5u9'),
(521, 'eyqbmg'),
(589, 'ez826p'),
(750, 'f26t'),
(348, 'f3fx3'),
(671, 'f3wm9r'),
(1442, 'f44pq'),
(1240, 'f5ine'),
(206, 'f61j'),
(1017, 'f6jqsy'),
(1193, 'f6nae'),
(1170, 'f6ss7'),
(274, 'f7ah'),
(121, 'f8hj'),
(228, 'f98d6'),
(571, 'faeku'),
(162, 'fb3nyg'),
(1472, 'fcwm'),
(350, 'fena'),
(1057, 'ff7x8'),
(1296, 'ffb8u9'),
(1483, 'fig6q'),
(606, 'fikmi'),
(314, 'firu'),
(835, 'fjwamd'),
(1059, 'fmec2'),
(1487, 'fmrrk'),
(1070, 'fpahhy'),
(38, 'fq1z4'),
(1356, 'fr82i'),
(1396, 'frimba'),
(536, 'fsqy'),
(93, 'ft2hi'),
(754, 'ftaa'),
(887, 'ftpdz'),
(50, 'ftpj79'),
(1398, 'fvbs'),
(351, 'fvcgh7'),
(1478, 'fvwxh1'),
(699, 'fw41'),
(147, 'fw46'),
(372, 'fwjq'),
(1136, 'fwth'),
(1414, 'fx62bc'),
(574, 'fxun'),
(105, 'fy4b'),
(190, 'fybd'),
(858, 'fzxq'),
(329, 'g1ix'),
(576, 'g1w72g'),
(360, 'g2hd'),
(813, 'g381u'),
(255, 'g3as'),
(97, 'g431'),
(534, 'g4hu4'),
(1246, 'g4xtts'),
(920, 'g5uija'),
(1349, 'g62m1'),
(684, 'g6hb7'),
(1369, 'g6ns'),
(677, 'g6we'),
(39, 'g74ndm'),
(782, 'g8f7'),
(745, 'g95zki'),
(40, 'gaw7'),
(110, 'gbij'),
(496, 'gbmzn6'),
(778, 'gc5j1'),
(722, 'gdv9n'),
(300, 'ge2m'),
(81, 'ge523'),
(1306, 'gewec'),
(1497, 'gfs9'),
(1312, 'gftz'),
(748, 'gg84t'),
(727, 'gh7q'),
(4, 'ghfc'),
(682, 'ghtfz'),
(309, 'ghv6x'),
(429, 'gimp'),
(1337, 'gj4k5'),
(412, 'gjux2'),
(1210, 'gmkfz'),
(915, 'gnb8zj'),
(446, 'gqvup9'),
(1361, 'grznv'),
(599, 'gtur'),
(560, 'guas2e'),
(841, 'guhi4'),
(9, 'guydg'),
(1211, 'gv19m'),
(972, 'gv5w'),
(488, 'gvqx'),
(171, 'gvsmw'),
(116, 'gxj7q'),
(1352, 'gy5iw'),
(784, 'gyty5'),
(440, 'h12jiv'),
(774, 'h18kmp'),
(1267, 'h1hewm'),
(783, 'h2c8'),
(43, 'h35m'),
(1427, 'h3sci'),
(970, 'h4js5i'),
(602, 'h4ry'),
(1209, 'h5pe5c'),
(564, 'h6hm'),
(1327, 'h6y6'),
(1289, 'h7dgnj'),
(1439, 'h7vwb'),
(874, 'h8pax'),
(815, 'h8q1'),
(1443, 'haaha'),
(242, 'hapfm'),
(1020, 'hb4khh'),
(649, 'hc37fh'),
(92, 'hd6xre'),
(78, 'hdnc'),
(944, 'hgm97m'),
(1056, 'hibcq'),
(526, 'higq7'),
(1434, 'hjzai'),
(281, 'hkxvf'),
(437, 'hmdu51'),
(698, 'hn9p7n'),
(15, 'hnewh'),
(1038, 'hnj3sw'),
(1034, 'hppu4u'),
(334, 'hprky'),
(1249, 'hswc'),
(1202, 'hu4ry'),
(1158, 'hw7zvd'),
(319, 'hwev4'),
(891, 'hwuix'),
(1444, 'hxt5'),
(1445, 'hyxsv'),
(1405, 'hz6qg'),
(810, 'hzq1a'),
(582, 'i1ahnb'),
(383, 'i1bec7'),
(866, 'i25nss'),
(1297, 'i3p39'),
(611, 'i4knu'),
(679, 'i5xc9t'),
(1461, 'i692q7'),
(428, 'i735'),
(186, 'i78hf'),
(248, 'i7jqt'),
(1235, 'i7sm2'),
(1044, 'i9bey'),
(1321, 'ia5md'),
(608, 'icktn'),
(888, 'id9r'),
(395, 'idra'),
(275, 'ie3z'),
(1492, 'ifa2'),
(79, 'ih56x'),
(1124, 'ihfjh'),
(419, 'ihns'),
(767, 'ik991'),
(656, 'ikb56'),
(166, 'im2pm9'),
(1159, 'iq463'),
(1215, 'iq7mi'),
(1189, 'irsy'),
(1498, 'ise52'),
(331, 'iswp1'),
(451, 'isyfv'),
(73, 'it4rg1'),
(959, 'itg17'),
(325, 'iuaz'),
(10, 'ivnp'),
(1166, 'ivvk'),
(1431, 'iw3n9'),
(640, 'iwky'),
(1440, 'ixvw'),
(225, 'j16d9d'),
(520, 'j1ygz'),
(743, 'j2wwq'),
(1049, 'j3jui4'),
(259, 'j4uk'),
(852, 'j5qs'),
(638, 'j7thr'),
(342, 'j85ddp'),
(1156, 'j8d14j'),
(173, 'j8s4'),
(1073, 'j973'),
(881, 'j9ymt9'),
(896, 'jbkny'),
(585, 'jbtr'),
(1430, 'jc1t'),
(84, 'jcfuex'),
(1021, 'jdqkup'),
(692, 'jdxi'),
(460, 'je1f5m'),
(862, 'jffeu'),
(155, 'jg8tfc'),
(265, 'jhbja'),
(814, 'jjab'),
(407, 'jjufh'),
(622, 'jkvn3'),
(511, 'jm1y'),
(343, 'jnchx6'),
(1176, 'jntih'),
(628, 'jpdia'),
(1118, 'jpjws'),
(462, 'jrbe'),
(1364, 'jre1'),
(1072, 'jrgkze'),
(1247, 'jrxg'),
(177, 'js4t'),
(1001, 'jsaufz'),
(1099, 'jsf2q'),
(1198, 'jsjhi'),
(23, 'jtemm'),
(459, 'jw5rh2'),
(625, 'jwik'),
(507, 'jxti'),
(1389, 'jy8n1'),
(627, 'jy8t7'),
(285, 'jyw9f2'),
(498, 'jz4bw'),
(1326, 'jz79x'),
(150, 'k11i'),
(321, 'k1qqx3'),
(131, 'k2yzy'),
(399, 'k3gj'),
(1184, 'k4fzz'),
(626, 'k57c9'),
(613, 'k5bnvn'),
(290, 'k9wrnt'),
(197, 'kbc34z'),
(252, 'kbr6m'),
(137, 'kdcj6f'),
(854, 'kdzaf'),
(788, 'ke982'),
(1104, 'kebzw'),
(250, 'keh6'),
(500, 'kfkxh6'),
(1074, 'kfpc'),
(659, 'kgwfdi'),
(1363, 'kh85ux'),
(141, 'khdb5'),
(1421, 'ki5v'),
(1446, 'ki6rrw'),
(366, 'ki96'),
(1424, 'kics'),
(932, 'kihy5'),
(388, 'kikj'),
(601, 'kin9r3'),
(355, 'kitbu'),
(1075, 'kkzz7g'),
(216, 'kmqmzz'),
(132, 'kn439q'),
(1372, 'kna4c'),
(463, 'kneey'),
(654, 'knv4'),
(531, 'kqk3b'),
(662, 'kqwk7'),
(703, 'kqxb'),
(139, 'kr1218'),
(406, 'ksawa'),
(1177, 'kscsg'),
(909, 'ksp62v'),
(237, 'kt1i'),
(693, 'ktfiay'),
(136, 'ktjux'),
(701, 'ktx4n'),
(979, 'kv4s'),
(580, 'kvhviv'),
(1050, 'kw6t'),
(600, 'kw88tz'),
(480, 'kxcz'),
(1182, 'kxnd'),
(219, 'kxyvkh'),
(1259, 'kyq9vm'),
(1438, 'm1hy'),
(512, 'm41cp1'),
(165, 'm48e5'),
(1206, 'm4py5'),
(1298, 'm57igq'),
(883, 'm5ni'),
(245, 'm73px'),
(982, 'm7d1'),
(240, 'm7kzr'),
(907, 'm7nv'),
(239, 'm8bgcp'),
(947, 'm8e861'),
(5, 'm9aw2'),
(1387, 'm9h5'),
(1255, 'mbhf'),
(1315, 'mbpg'),
(821, 'mc9t'),
(1406, 'mcque'),
(928, 'mddk'),
(193, 'mdkc4'),
(279, 'mdsqk'),
(1263, 'me1n72'),
(1379, 'me7ug'),
(877, 'mesv'),
(1388, 'metj'),
(204, 'metrys'),
(872, 'mf3pj'),
(833, 'mfiix'),
(541, 'mhyp'),
(1493, 'mi7m'),
(214, 'mj62'),
(871, 'mjqi6'),
(1407, 'mjy5'),
(28, 'mkt4ax'),
(762, 'mm1b'),
(181, 'mmn374'),
(323, 'mmqu2'),
(751, 'mnb6'),
(870, 'mp7u4'),
(955, 'mp8q'),
(501, 'mpe3r'),
(873, 'mrbx6'),
(818, 'mrmavd'),
(1064, 'mrv8'),
(1311, 'ms6w'),
(108, 'msadw1'),
(311, 'mthfc'),
(1495, 'mtkw'),
(728, 'mtts'),
(1343, 'muuu'),
(183, 'mvcjx'),
(760, 'mvym'),
(588, 'mwgc'),
(1071, 'mwp9'),
(1121, 'mx7u'),
(1459, 'mxfg'),
(1239, 'n3ym'),
(490, 'n48a'),
(785, 'n4sff'),
(857, 'n555w'),
(1096, 'n59fh'),
(850, 'n5c25'),
(1383, 'n6qb'),
(509, 'n721'),
(129, 'n88ca'),
(502, 'n9i1'),
(945, 'nagma3'),
(1152, 'nc5n'),
(450, 'nc7e'),
(753, 'nc9af'),
(12, 'ndx8'),
(513, 'ndznq'),
(392, 'net2b'),
(41, 'nf5f'),
(1409, 'nfscvr'),
(1161, 'ngcu8'),
(913, 'ngkgy'),
(82, 'nh42a'),
(906, 'nh8h'),
(1241, 'nhi1z'),
(558, 'nhjw'),
(157, 'njvqf'),
(364, 'nm9a29'),
(127, 'nmtr33'),
(1163, 'nnabe'),
(209, 'nni4c6'),
(1281, 'npnv'),
(297, 'npwn'),
(389, 'nqdd'),
(1160, 'nqkgk3'),
(221, 'nsev7'),
(1261, 'nsga'),
(1030, 'nsx61'),
(339, 'ntuz4'),
(425, 'ntz2'),
(358, 'nx8wk'),
(1102, 'nxanfg'),
(960, 'nxz9v'),
(384, 'nyje'),
(859, 'nzsha'),
(119, 'p14h5'),
(249, 'p164s'),
(1229, 'p19j8'),
(71, 'p1wfp'),
(809, 'p5fpn'),
(35, 'p5ut'),
(135, 'p6sd41'),
(1437, 'p6ye7'),
(164, 'p7kg'),
(651, 'p9afi'),
(925, 'p9dv'),
(583, 'p9i8fj'),
(603, 'p9z2y'),
(690, 'pbf7'),
(1448, 'pbp15'),
(114, 'pbxt2'),
(910, 'pccsr'),
(1299, 'pcnfux'),
(829, 'pdenx'),
(1227, 'pdezb'),
(823, 'pehqm'),
(1138, 'pfvu6p'),
(702, 'phvf'),
(568, 'phwa94'),
(700, 'pid7'),
(894, 'pjn5'),
(286, 'pk8g'),
(1273, 'pkkjb'),
(247, 'pm1q7'),
(77, 'pmhe'),
(994, 'pphq'),
(188, 'ppza4'),
(587, 'pqg5'),
(981, 'pqmc9y'),
(1131, 'pqyru'),
(1219, 'psbf'),
(1284, 'psex34'),
(1197, 'pst1m'),
(1338, 'psxb8s'),
(473, 'pv8gd'),
(25, 'pvkq5'),
(963, 'pvttj'),
(617, 'pwey'),
(432, 'px5m'),
(998, 'pyti6'),
(22, 'pzueb'),
(570, 'q1ak'),
(56, 'q1n1'),
(557, 'q26k'),
(1353, 'q3kr9'),
(447, 'q49hww'),
(540, 'q4ttq'),
(1386, 'q4vji'),
(411, 'q5k7b'),
(1225, 'q7sq'),
(109, 'q8y8nu'),
(878, 'q9z3'),
(954, 'qak9t'),
(884, 'qake'),
(578, 'qarg'),
(776, 'qb36'),
(759, 'qc2rft'),
(1432, 'qckw'),
(645, 'qcyzm'),
(1207, 'qdqi3u'),
(1426, 'qek7'),
(725, 'qewv'),
(936, 'qf7i'),
(796, 'qf95si'),
(605, 'qfw28'),
(914, 'qfyr7'),
(31, 'qgmh'),
(986, 'qh71'),
(742, 'qht1zm'),
(179, 'qhtwp'),
(825, 'qjcsw'),
(1039, 'qjkkus'),
(27, 'qjth33'),
(1351, 'qkxa9'),
(1047, 'qn17td'),
(550, 'qp285'),
(1222, 'qp898'),
(683, 'qpa5e'),
(142, 'qpjm'),
(1169, 'qpkiyn'),
(1068, 'qr8rb'),
(1015, 'qrafa'),
(633, 'qs2yr'),
(1280, 'qs927'),
(1428, 'qsbgm'),
(98, 'qsqk6'),
(845, 'qt2am'),
(623, 'qt7g'),
(398, 'qucyq'),
(316, 'qukrny'),
(1190, 'qv63t8'),
(1402, 'qvpg'),
(112, 'qvxf3c'),
(184, 'qwhf'),
(927, 'qwwvt'),
(266, 'qx17'),
(1051, 'qx89v'),
(1278, 'qxpy2b'),
(1066, 'qxvz5'),
(556, 'qycw'),
(793, 'r187'),
(1331, 'r1wuy'),
(1140, 'r2yv'),
(755, 'r3zw'),
(650, 'r474b'),
(423, 'r5py6n'),
(1245, 'r6rq1'),
(1373, 'r7ug'),
(630, 'r82qz'),
(639, 'r8fy'),
(938, 'r982ys'),
(486, 'r9de'),
(912, 'razje'),
(1399, 'rb1fj'),
(1476, 'rbevhm'),
(525, 'rbsz2'),
(1411, 'rc74'),
(965, 'rcpik'),
(328, 'rdhs'),
(1137, 're28i8'),
(370, 'rep5zu'),
(1004, 'rh76e'),
(997, 'ribyk'),
(256, 'rjcu'),
(143, 'rkhgs'),
(1344, 'rkvrh'),
(952, 'rm4p4'),
(202, 'rmd5'),
(1232, 'rn28ni'),
(831, 'rnckc'),
(196, 'rnjnt7'),
(686, 'rpa13b'),
(1094, 'rqdxk'),
(1224, 'rqqb'),
(493, 'rrprw'),
(330, 'rstd'),
(169, 'rtve'),
(310, 'rtzrv9'),
(1262, 'rv3n'),
(551, 'rwygf'),
(17, 'rwzc4'),
(1250, 'rxeh'),
(961, 'ryzyi'),
(426, 'rz4e'),
(199, 's2q9f'),
(210, 's31xik'),
(1464, 's3ky'),
(1408, 's3x6q'),
(1037, 's4rkb4'),
(479, 's4wme'),
(1007, 's5eh'),
(133, 's63ash'),
(764, 's67kd'),
(966, 's67x'),
(172, 's7d4'),
(855, 's83rvy'),
(1423, 's8nxu'),
(477, 's999'),
(510, 'sby3z'),
(1086, 'sc2y'),
(1133, 'sf4gy'),
(533, 'sfc4p'),
(798, 'sfr78'),
(1447, 'sfvi'),
(1095, 'sh21z'),
(55, 'sjktw8'),
(919, 'sjz2'),
(780, 'smiu'),
(1287, 'smzd'),
(595, 'sp3ke'),
(1028, 'spd4'),
(1275, 'spwe5'),
(1181, 'spzzs'),
(1324, 'sqt3'),
(362, 'srqtrm'),
(827, 'ss6nm'),
(1085, 'st3dd'),
(1381, 'suf3t'),
(542, 'suwmt'),
(441, 'svv2h'),
(195, 'svyh'),
(58, 'sx1q'),
(476, 'sxng5'),
(1441, 'sxqba'),
(1013, 'sxvik'),
(234, 'sznx8'),
(642, 't1b7fy'),
(268, 't1x7'),
(1475, 't3vt5n'),
(1330, 't4f8'),
(709, 't7nxc'),
(1274, 't87dvr'),
(1093, 't889i'),
(618, 't8im'),
(527, 'ta6z'),
(1010, 'tai3a5'),
(1223, 'tbnw'),
(271, 'tdejn'),
(223, 'te463a'),
(629, 'tfap8j'),
(732, 'tg895i'),
(631, 'thf6e'),
(416, 'thn9ue'),
(840, 'thzmen'),
(408, 'ti3drj'),
(1378, 'tiesb'),
(377, 'tjd2u'),
(140, 'tkcn'),
(236, 'tkhpu'),
(42, 'tmivd'),
(830, 'tn9cz'),
(604, 'tnc4u'),
(88, 'tnq8c'),
(294, 'trsjk'),
(1105, 'tt6ae'),
(118, 'tttvg'),
(91, 'tty3'),
(386, 'tu81'),
(681, 'twp7m'),
(811, 'twx5r'),
(90, 'txvp'),
(1382, 'ty5i'),
(554, 'tygrf'),
(1205, 'tyimk'),
(942, 'tzrp2d'),
(306, 'tzzgz'),
(620, 'u1jzc'),
(789, 'u1mvi'),
(1376, 'u22v'),
(1488, 'u25g'),
(669, 'u2cdzz'),
(404, 'u2t8cr'),
(19, 'u2z49'),
(277, 'u315'),
(402, 'u3e95f'),
(394, 'u4ze5'),
(666, 'u5bas'),
(244, 'u5jxh'),
(1097, 'u72xj'),
(971, 'u7qv'),
(495, 'u7yh'),
(313, 'u88fqx'),
(989, 'u92ju'),
(174, 'ubf5f8'),
(461, 'uczk'),
(758, 'ud7zss'),
(902, 'udffb'),
(575, 'udnhsy'),
(99, 'ufaq'),
(1165, 'ufrea'),
(74, 'ugck'),
(1083, 'ugcr'),
(191, 'uhpaq'),
(1291, 'uhuh1'),
(819, 'uhx3'),
(47, 'ui2qn'),
(794, 'uir6w'),
(548, 'umejs'),
(1128, 'unca1x'),
(592, 'unuqp'),
(126, 'up9u'),
(843, 'upt5'),
(1125, 'upvr2'),
(312, 'upxm7'),
(153, 'uq7fg'),
(1323, 'uqw2x'),
(420, 'uucp89'),
(1286, 'uuf5p'),
(929, 'uuzfh'),
(837, 'uvb5y'),
(21, 'uvcvf'),
(1045, 'uvh62'),
(491, 'uvjsp'),
(66, 'uvjxw4'),
(46, 'uvw69'),
(1474, 'uwqd'),
(345, 'uwzwk'),
(356, 'uxt51'),
(790, 'uxta7v'),
(483, 'uz7qm'),
(465, 'v1euy'),
(846, 'v2d9'),
(288, 'v2dfv'),
(863, 'v2kha'),
(1251, 'v3cvj'),
(1401, 'v54qx'),
(1481, 'v5fs4'),
(708, 'v6e7t'),
(1357, 'v6sb'),
(1317, 'v8q1'),
(111, 'v8tm'),
(168, 'vauyg'),
(1008, 'vbp9'),
(72, 'vcdw'),
(393, 'vd3hz9'),
(292, 'vdusx'),
(716, 'vexn'),
(187, 'vgngf'),
(916, 'vgv8ha'),
(1300, 'vh8x'),
(1090, 'vhdy1h'),
(1463, 'vj94h'),
(272, 'vjm81'),
(832, 'vmnp'),
(499, 'vnawf'),
(1482, 'vq3a3'),
(282, 'vshkn7'),
(1026, 'vsri'),
(673, 'vt22n'),
(320, 'vt9yxb'),
(44, 'vtwud'),
(593, 'vudr4'),
(69, 'vuua4'),
(861, 'vv54d'),
(220, 'vvfma'),
(218, 'vwpjwx'),
(1455, 'vy35'),
(647, 'vy8bs'),
(1416, 'vyv22'),
(1254, 'vz2j'),
(828, 'vz7xp'),
(865, 'w1hr'),
(267, 'w1jh'),
(615, 'w6p24p'),
(200, 'w78h4h'),
(60, 'w79day'),
(976, 'w8nm'),
(24, 'w9ibw'),
(344, 'waeb'),
(1116, 'warq'),
(711, 'waskwm'),
(1155, 'wcvnk'),
(882, 'wdrh'),
(1486, 'wecu'),
(1187, 'weqxdf'),
(853, 'wfjq'),
(1088, 'wghb1'),
(707, 'wjbvb2'),
(781, 'wjebs'),
(401, 'wjjp9'),
(559, 'wnxi'),
(643, 'wp1k'),
(341, 'wpcna'),
(340, 'wpqx'),
(1130, 'wq2m'),
(1192, 'wq8h'),
(1473, 'wqi6'),
(1203, 'wqkr3'),
(146, 'wrgrc'),
(990, 'wrz71'),
(612, 'wsxr2'),
(125, 'wtaz'),
(726, 'wtugt'),
(113, 'wtysei'),
(849, 'wuvb'),
(185, 'wwirvi'),
(1002, 'wzk34f'),
(455, 'x1jp'),
(20, 'x2b7g'),
(14, 'x2mf'),
(474, 'x3cx'),
(170, 'x3fp'),
(433, 'x3ty1'),
(363, 'x5zaz'),
(1415, 'x68j'),
(378, 'x6mni'),
(442, 'x7d1t'),
(1217, 'x7hbee'),
(717, 'x7pip'),
(353, 'x7ujs'),
(1089, 'x7zx'),
(765, 'xavcq'),
(1154, 'xb3e'),
(1252, 'xb8kg'),
(1144, 'xbbca'),
(535, 'xcifr'),
(75, 'xd9xcu'),
(1449, 'xdyjn'),
(1079, 'xe2g6'),
(610, 'xf9ik'),
(586, 'xh3zk'),
(3, 'xhcf5'),
(665, 'xhdb'),
(1318, 'xhv1g'),
(799, 'xhvx5'),
(886, 'xisk1x'),
(1404, 'xj9h'),
(900, 'xjc3'),
(530, 'xk72t'),
(1115, 'xkbi'),
(921, 'xkzar8'),
(537, 'xmwp47'),
(308, 'xnqxis'),
(935, 'xnx1z'),
(1282, 'xqgsvb'),
(503, 'xqrasp'),
(553, 'xqxg'),
(839, 'xrpu'),
(413, 'xru2k'),
(1127, 'xsskn'),
(215, 'xt7qi'),
(646, 'xubir'),
(706, 'xwn87'),
(577, 'xwsi'),
(376, 'xx37wc'),
(203, 'xx532u'),
(721, 'xxafi8'),
(1114, 'xxuey'),
(1390, 'xy9q2'),
(999, 'xyj7'),
(741, 'xytz'),
(988, 'xz1w'),
(797, 'xzqje'),
(1175, 'y32w'),
(1334, 'y51h2'),
(930, 'y67pu'),
(885, 'y8ed'),
(1471, 'y98cf'),
(555, 'y9uhfn'),
(1385, 'yahf'),
(880, 'yavjt'),
(1393, 'yb9nb'),
(1012, 'ybgjk'),
(674, 'ybgw'),
(860, 'ybqc'),
(287, 'ybuub'),
(777, 'ycf6'),
(1141, 'yd1h'),
(607, 'yd6py'),
(735, 'yfvk9e'),
(1218, 'ygbm'),
(1433, 'ygfxfq'),
(1484, 'ygwnm'),
(67, 'yi3b'),
(869, 'yidz'),
(87, 'yipbsf'),
(194, 'yiuh'),
(968, 'yix9'),
(1108, 'yixyhb'),
(624, 'yj68'),
(467, 'ykjg8'),
(470, 'yns1'),
(660, 'ynvf7'),
(100, 'yqe3w'),
(1238, 'yrcnt'),
(448, 'yrdhm'),
(85, 'yrmaj'),
(443, 'ysb4'),
(1036, 'ysvec'),
(1146, 'ysyzz'),
(1319, 'yt3g'),
(1268, 'ytdyp'),
(205, 'ytuhp'),
(817, 'yu11'),
(616, 'yv27e'),
(434, 'yv5t'),
(163, 'yvvzr'),
(657, 'yw1gx'),
(458, 'yxghh8'),
(733, 'yxi8f'),
(1032, 'yye2'),
(1200, 'yynp9'),
(596, 'yz3zcd'),
(946, 'yz87'),
(1055, 'z1frp'),
(1413, 'z3in7'),
(1462, 'z3u5'),
(1499, 'z44t'),
(1491, 'z4jtv1'),
(924, 'z6ey'),
(1325, 'z6j9yg'),
(1347, 'z7bm8j'),
(1384, 'zadzfg'),
(1395, 'zantr'),
(1489, 'zawa9'),
(975, 'zawfg'),
(1061, 'zbe1t'),
(207, 'zd9ftu'),
(730, 'zdmq'),
(1220, 'zed3'),
(144, 'zf2ve'),
(1077, 'zf9rp'),
(547, 'zffyy'),
(552, 'zft8p'),
(715, 'zgpwj'),
(178, 'zhga7'),
(1180, 'zk6q4'),
(1148, 'zk95'),
(991, 'zkg2'),
(468, 'zn3eb'),
(1063, 'zny4q'),
(1418, 'zprc59'),
(658, 'zpusk'),
(867, 'zpyek'),
(130, 'zq6g2'),
(1339, 'zqqmp'),
(543, 'zqtdh'),
(838, 'zra8d'),
(104, 'ztpp'),
(546, 'zu79'),
(289, 'zuny'),
(1027, 'zv1hfk'),
(691, 'zv6p'),
(973, 'zvbwzt'),
(59, 'zvds6a'),
(1143, 'zw9k'),
(1480, 'zwtrv'),
(766, 'zwyx'),
(182, 'zxamk'),
(594, 'zxif'),
(1485, 'zycpy'),
(213, 'zyhv8'),
(481, 'zz98h'),
(296, 'zzjk7');

-- --------------------------------------------------------

--
-- Table structure for table `contactus`
--

CREATE TABLE IF NOT EXISTS `contactus` (
  `contactID` int(11) NOT NULL AUTO_INCREMENT,
  `msgFrom` varchar(100) NOT NULL,
  `msgSubj` varchar(20) NOT NULL,
  `msgBody` text NOT NULL,
  `msgDate` datetime NOT NULL,
  `replied` tinyint(2) NOT NULL DEFAULT '0',
  PRIMARY KEY (`contactID`)
) ENGINE=InnoDB  DEFAULT CHARSET=latin1 AUTO_INCREMENT=8 ;

--
-- Dumping data for table `contactus`
--

INSERT INTO `contactus` (`contactID`, `msgFrom`, `msgSubj`, `msgBody`, `msgDate`, `replied`) VALUES
(1, 'saqib.amin1@gmail.com', 'genral', 'saqib', '2012-03-15 16:24:47', 1),
(2, 'saqib.amin1@gmail.com', 'testing system', 'this is a test', '2012-03-15 16:34:13', 0),
(3, 'saqib.amin1@gmail.com', 'tell me about your ', 'safdasdf', '2012-03-15 16:38:59', 0),
(4, 'saqib.amin1@gmail.com', 'hi there', 'check', '2012-03-16 13:57:16', 0),
(5, 'saqib.amin1@gmail.com', 'genral', '123', '2012-03-18 17:13:34', 0),
(6, 'saqib.amin1@gmail.com', 'free time', 'hello', '2012-04-26 17:33:00', 0),
(7, 'saqib.amin1@gmail.com', 'How to cofigure Flam', 'Hi,\r\n\r\nI today downloaded flame CMS. I just want to appreciate the effort and also have a query.\r\n\r\nHow can I configure Flame?\r\n\r\nThanks!', '2013-02-09 04:12:08', 0);

-- --------------------------------------------------------

--
-- Table structure for table `menu`
--

CREATE TABLE IF NOT EXISTS `menu` (
  `menu_id` int(11) NOT NULL AUTO_INCREMENT,
  `menu_title` varchar(100) NOT NULL COMMENT 'It will never displayed on the public website, just used to differentiate it from other menus for the admin',
  PRIMARY KEY (`menu_id`)
) ENGINE=InnoDB  DEFAULT CHARSET=latin1 AUTO_INCREMENT=3 ;

--
-- Dumping data for table `menu`
--

INSERT INTO `menu` (`menu_id`, `menu_title`) VALUES
(1, 'main_menu'),
(2, 'left_menu');

-- --------------------------------------------------------

--
-- Table structure for table `misc_info`
--

CREATE TABLE IF NOT EXISTS `misc_info` (
  `miscID` int(11) NOT NULL AUTO_INCREMENT,
  `infoName` varchar(50) NOT NULL,
  `infoData` varchar(250) NOT NULL,
  PRIMARY KEY (`miscID`)
) ENGINE=InnoDB  DEFAULT CHARSET=latin1 AUTO_INCREMENT=4 ;

--
-- Dumping data for table `misc_info`
--

INSERT INTO `misc_info` (`miscID`, `infoName`, `infoData`) VALUES
(1, 'siteTitle', 'Flame - CMS'),
(2, 'siteDescription', 'Write Your Website''s Description Here'),
(3, 'siteKeywords', 'Write Comma Separated List of Keywords');

-- --------------------------------------------------------

--
-- Table structure for table `navigation`
--

CREATE TABLE IF NOT EXISTS `navigation` (
  `menu_id` int(11) NOT NULL,
  `PID` int(11) NOT NULL,
  PRIMARY KEY (`menu_id`,`PID`)
) ENGINE=InnoDB DEFAULT CHARSET=latin1;

--
-- Dumping data for table `navigation`
--

INSERT INTO `navigation` (`menu_id`, `PID`) VALUES
(1, 1),
(1, 2),
(1, 3),
(1, 4),
(1, 5),
(1, 7),
(2, 1),
(2, 2),
(2, 3),
(2, 4),
(2, 5),
(2, 6),
(2, 7);

-- --------------------------------------------------------

--
-- Table structure for table `trash_webpages`
--

CREATE TABLE IF NOT EXISTS `trash_webpages` (
  `trashID` int(11) NOT NULL AUTO_INCREMENT,
  `PID` int(11) NOT NULL,
  `pName` varchar(20) NOT NULL,
  `Title` varchar(100) NOT NULL,
  `Content` text NOT NULL,
  `scroll` tinyint(4) NOT NULL DEFAULT '0',
  PRIMARY KEY (`trashID`),
  UNIQUE KEY `PID` (`PID`)
) ENGINE=InnoDB DEFAULT CHARSET=latin1 AUTO_INCREMENT=1 ;

-- --------------------------------------------------------

--
-- Table structure for table `webpages`
--

CREATE TABLE IF NOT EXISTS `webpages` (
  `PID` int(11) NOT NULL AUTO_INCREMENT,
  `pName` varchar(20) NOT NULL,
  `Title` varchar(100) NOT NULL,
  `Content` text NOT NULL,
  `scroll` tinyint(4) NOT NULL DEFAULT '0',
  PRIMARY KEY (`PID`)
) ENGINE=InnoDB  DEFAULT CHARSET=latin1 AUTO_INCREMENT=8 ;

--
-- Dumping data for table `webpages`
--

INSERT INTO `webpages` (`PID`, `pName`, `Title`, `Content`, `scroll`) VALUES
(1, 'Home', 'Introducing Flame CMS', '<p>\r\n	Today we are proud to announce the very first version of Flame-CMS, the developer&#39;s choice for CMS.</p>\r\n<div id="lipsum">\r\n	<p>\r\n		Lorem ipsum dolor sit amet, consectetur adipiscing elit. Aliquam non cursus enim. Phasellus pharetra lacus sit amet enim dictum feugiat. Nulla et metus arcu. Vivamus ut odio lacus, in fringilla velit. Proin sit amet congue lorem. In id condimentum lorem. Praesent egestas tempus turpis, non rhoncus nulla venenatis nec. Cras nec orci metus. Aliquam erat volutpat. Aenean odio tellus, porttitor eget lobortis nec, dapibus sit amet mi. Integer nunc enim, ornare a convallis vitae, blandit vel lectus. Sed placerat eleifend dui eget ornare. Nulla facilisi.</p>\r\n	<p>\r\n		Maecenas auctor lectus sit amet justo consectetur vel hendrerit dui aliquam. Nunc eu sem urna, ut tempor magna. Phasellus imperdiet, orci eu posuere porta, diam lacus tincidunt velit, id fermentum urna eros at odio. Nam commodo auctor ipsum ac aliquam. Integer imperdiet cursus augue sed auctor. Nulla elit sem, rhoncus eget condimentum nec, faucibus vitae odio. Nunc non sem aliquam ligula tincidunt tincidunt. Aenean augue felis, iaculis vitae bibendum in, semper eu arcu. Aliquam a elit enim, nec rhoncus tortor. Duis eget magna massa, vitae euismod leo. Vestibulum vehicula dui vitae urna vestibulum imperdiet.</p>\r\n	<p>\r\n		Vivamus convallis, nisl a lacinia volutpat, sapien odio vehicula lacus, non lobortis arcu sem vitae purus. Ut fringilla nibh in urna eleifend gravida. Morbi suscipit egestas sapien, nec egestas diam dignissim vitae. Maecenas auctor porta consequat. Aenean a malesuada quam. Pellentesque at sem lectus. Nunc ut dolor lectus, adipiscing vestibulum erat. Fusce id enim luctus justo gravida mattis tristique ac augue. Vestibulum sodales dolor id justo porttitor scelerisque.</p>\r\n</div>\r\n<p>\r\n	&nbsp;</p>', 0),
(2, 'Test', 'Testing', '<div id="lipsum">\r\n	<p>\r\n		Lorem ipsum dolor sit amet, consectetur adipiscing elit. Aliquam non cursus enim. Phasellus pharetra lacus sit amet enim dictum feugiat. Nulla et metus arcu. Vivamus ut odio lacus, in fringilla velit. Proin sit amet congue lorem. In id condimentum lorem. Praesent egestas tempus turpis, non rhoncus nulla venenatis nec. Cras nec orci metus. Aliquam erat volutpat. Aenean odio tellus, porttitor eget lobortis nec, dapibus sit amet mi. Integer nunc enim, ornare a convallis vitae, blandit vel lectus. Sed placerat eleifend dui eget ornare. Nulla facilisi.</p>\r\n	<p>\r\n		Maecenas auctor lectus sit amet justo consectetur vel hendrerit dui aliquam. Nunc eu sem urna, ut tempor magna. Phasellus imperdiet, orci eu posuere porta, diam lacus tincidunt velit, id fermentum urna eros at odio. Nam commodo auctor ipsum ac aliquam. Integer imperdiet cursus augue sed auctor. Nulla elit sem, rhoncus eget condimentum nec, faucibus vitae odio. Nunc non sem aliquam ligula tincidunt tincidunt. Aenean augue felis, iaculis vitae bibendum in, semper eu arcu. Aliquam a elit enim, nec rhoncus tortor. Duis eget magna massa, vitae euismod leo. Vestibulum vehicula dui vitae urna vestibulum imperdiet.</p>\r\n	<p>\r\n		Vivamus convallis, nisl a lacinia volutpat, sapien odio vehicula lacus, non lobortis arcu sem vitae purus. Ut fringilla nibh in urna eleifend gravida. Morbi suscipit egestas sapien, nec egestas diam dignissim vitae. Maecenas auctor porta consequat. Aenean a malesuada quam. Pellentesque at sem lectus. Nunc ut dolor lectus, adipiscing vestibulum erat. Fusce id enim luctus justo gravida mattis tristique ac augue. Vestibulum sodales dolor id justo porttitor scelerisque.</p>\r\n</div>\r\n<p>\r\n	&nbsp;</p>', 0),
(3, 'Dummy', 'Dummy', '<p>\r\n	This is just a dummy page.</p>\r\n<div id="lipsum">\r\n	<p>\r\n		Lorem ipsum dolor sit amet, consectetur adipiscing elit. Aliquam non cursus enim. Phasellus pharetra lacus sit amet enim dictum feugiat. Nulla et metus arcu. Vivamus ut odio lacus, in fringilla velit. Proin sit amet congue lorem. In id condimentum lorem. Praesent egestas tempus turpis, non rhoncus nulla venenatis nec. Cras nec orci metus. Aliquam erat volutpat. Aenean odio tellus, porttitor eget lobortis nec, dapibus sit amet mi. Integer nunc enim, ornare a convallis vitae, blandit vel lectus. Sed placerat eleifend dui eget ornare. Nulla facilisi.</p>\r\n	<p>\r\n		Maecenas auctor lectus sit amet justo consectetur vel hendrerit dui aliquam. Nunc eu sem urna, ut tempor magna. Phasellus imperdiet, orci eu posuere porta, diam lacus tincidunt velit, id fermentum urna eros at odio. Nam commodo auctor ipsum ac aliquam. Integer imperdiet cursus augue sed auctor. Nulla elit sem, rhoncus eget condimentum nec, faucibus vitae odio. Nunc non sem aliquam ligula tincidunt tincidunt. Aenean augue felis, iaculis vitae bibendum in, semper eu arcu. Aliquam a elit enim, nec rhoncus tortor. Duis eget magna massa, vitae euismod leo. Vestibulum vehicula dui vitae urna vestibulum imperdiet.</p>\r\n	<p>\r\n		Vivamus convallis, nisl a lacinia volutpat, sapien odio vehicula lacus, non lobortis arcu sem vitae purus. Ut fringilla nibh in urna eleifend gravida. Morbi suscipit egestas sapien, nec egestas diam dignissim vitae. Maecenas auctor porta consequat. Aenean a malesuada quam. Pellentesque at sem lectus. Nunc ut dolor lectus, adipiscing vestibulum erat. Fusce id enim luctus justo gravida mattis tristique ac augue. Vestibulum sodales dolor id justo porttitor scelerisque.</p>\r\n</div>\r\n<p>\r\n	&nbsp;</p>', 0),
(4, 'Another Page', 'Another Page', '<p>\r\n	This is also a dummy page</p>\r\n<div id="lipsum">\r\n	<p>\r\n		Lorem ipsum dolor sit amet, consectetur adipiscing elit. Aliquam non cursus enim. Phasellus pharetra lacus sit amet enim dictum feugiat. Nulla et metus arcu. Vivamus ut odio lacus, in fringilla velit. Proin sit amet congue lorem. In id condimentum lorem. Praesent egestas tempus turpis, non rhoncus nulla venenatis nec. Cras nec orci metus. Aliquam erat volutpat. Aenean odio tellus, porttitor eget lobortis nec, dapibus sit amet mi. Integer nunc enim, ornare a convallis vitae, blandit vel lectus. Sed placerat eleifend dui eget ornare. Nulla facilisi.</p>\r\n	<p>\r\n		Maecenas auctor lectus sit amet justo consectetur vel hendrerit dui aliquam. Nunc eu sem urna, ut tempor magna. Phasellus imperdiet, orci eu posuere porta, diam lacus tincidunt velit, id fermentum urna eros at odio. Nam commodo auctor ipsum ac aliquam. Integer imperdiet cursus augue sed auctor. Nulla elit sem, rhoncus eget condimentum nec, faucibus vitae odio. Nunc non sem aliquam ligula tincidunt tincidunt. Aenean augue felis, iaculis vitae bibendum in, semper eu arcu. Aliquam a elit enim, nec rhoncus tortor. Duis eget magna massa, vitae euismod leo. Vestibulum vehicula dui vitae urna vestibulum imperdiet.</p>\r\n	<p>\r\n		Vivamus convallis, nisl a lacinia volutpat, sapien odio vehicula lacus, non lobortis arcu sem vitae purus. Ut fringilla nibh in urna eleifend gravida. Morbi suscipit egestas sapien, nec egestas diam dignissim vitae. Maecenas auctor porta consequat. Aenean a malesuada quam. Pellentesque at sem lectus. Nunc ut dolor lectus, adipiscing vestibulum erat. Fusce id enim luctus justo gravida mattis tristique ac augue. Vestibulum sodales dolor id justo porttitor scelerisque.</p>\r\n</div>\r\n<p>\r\n	&nbsp;</p>', 0),
(5, 'Dummy3', 'Dummy3', '<div id="lipsum">\r\n	<p>\r\n		Lorem ipsum dolor sit amet, consectetur adipiscing elit. Aliquam non cursus enim. Phasellus pharetra lacus sit amet enim dictum feugiat. Nulla et metus arcu. Vivamus ut odio lacus, in fringilla velit. Proin sit amet congue lorem. In id condimentum lorem. Praesent egestas tempus turpis, non rhoncus nulla venenatis nec. Cras nec orci metus. Aliquam erat volutpat. Aenean odio tellus, porttitor eget lobortis nec, dapibus sit amet mi. Integer nunc enim, ornare a convallis vitae, blandit vel lectus. Sed placerat eleifend dui eget ornare. Nulla facilisi.</p>\r\n	<p>\r\n		Maecenas auctor lectus sit amet justo consectetur vel hendrerit dui aliquam. Nunc eu sem urna, ut tempor magna. Phasellus imperdiet, orci eu posuere porta, diam lacus tincidunt velit, id fermentum urna eros at odio. Nam commodo auctor ipsum ac aliquam. Integer imperdiet cursus augue sed auctor. Nulla elit sem, rhoncus eget condimentum nec, faucibus vitae odio. Nunc non sem aliquam ligula tincidunt tincidunt. Aenean augue felis, iaculis vitae bibendum in, semper eu arcu. Aliquam a elit enim, nec rhoncus tortor. Duis eget magna massa, vitae euismod leo. Vestibulum vehicula dui vitae urna vestibulum imperdiet.</p>\r\n	<p>\r\n		Vivamus convallis, nisl a lacinia volutpat, sapien odio vehicula lacus, non lobortis arcu sem vitae purus. Ut fringilla nibh in urna eleifend gravida. Morbi suscipit egestas sapien, nec egestas diam dignissim vitae. Maecenas auctor porta consequat. Aenean a malesuada quam. Pellentesque at sem lectus. Nunc ut dolor lectus, adipiscing vestibulum erat. Fusce id enim luctus justo gravida mattis tristique ac augue. Vestibulum sodales dolor id justo porttitor scelerisque.</p>\r\n</div>\r\n<p>\r\n	&nbsp;</p>', 0),
(6, 'Lorem', 'Lorem', '<div id="lipsum">\r\n	<p>\r\n		Lorem ipsum dolor sit amet, consectetur adipiscing elit. Aliquam non cursus enim. Phasellus pharetra lacus sit amet enim dictum feugiat. Nulla et metus arcu. Vivamus ut odio lacus, in fringilla velit. Proin sit amet congue lorem. In id condimentum lorem. Praesent egestas tempus turpis, non rhoncus nulla venenatis nec. Cras nec orci metus. Aliquam erat volutpat. Aenean odio tellus, porttitor eget lobortis nec, dapibus sit amet mi. Integer nunc enim, ornare a convallis vitae, blandit vel lectus. Sed placerat eleifend dui eget ornare. Nulla facilisi.</p>\r\n	<p>\r\n		Maecenas auctor lectus sit amet justo consectetur vel hendrerit dui aliquam. Nunc eu sem urna, ut tempor magna. Phasellus imperdiet, orci eu posuere porta, diam lacus tincidunt velit, id fermentum urna eros at odio. Nam commodo auctor ipsum ac aliquam. Integer imperdiet cursus augue sed auctor. Nulla elit sem, rhoncus eget condimentum nec, faucibus vitae odio. Nunc non sem aliquam ligula tincidunt tincidunt. Aenean augue felis, iaculis vitae bibendum in, semper eu arcu. Aliquam a elit enim, nec rhoncus tortor. Duis eget magna massa, vitae euismod leo. Vestibulum vehicula dui vitae urna vestibulum imperdiet.</p>\r\n	<p>\r\n		Vivamus convallis, nisl a lacinia volutpat, sapien odio vehicula lacus, non lobortis arcu sem vitae purus. Ut fringilla nibh in urna eleifend gravida. Morbi suscipit egestas sapien, nec egestas diam dignissim vitae. Maecenas auctor porta consequat. Aenean a malesuada quam. Pellentesque at sem lectus. Nunc ut dolor lectus, adipiscing vestibulum erat. Fusce id enim luctus justo gravida mattis tristique ac augue. Vestibulum sodales dolor id justo porttitor scelerisque.</p>\r\n</div>\r\n<p>\r\n	&nbsp;</p>', 0),
(7, 'Ipsum', 'Ipsum', '<div id="lipsum">\r\n	<p>\r\n		Lorem ipsum dolor sit amet, consectetur adipiscing elit. Aliquam non cursus enim. Phasellus pharetra lacus sit amet enim dictum feugiat. Nulla et metus arcu. Vivamus ut odio lacus, in fringilla velit. Proin sit amet congue lorem. In id condimentum lorem. Praesent egestas tempus turpis, non rhoncus nulla venenatis nec. Cras nec orci metus. Aliquam erat volutpat. Aenean odio tellus, porttitor eget lobortis nec, dapibus sit amet mi. Integer nunc enim, ornare a convallis vitae, blandit vel lectus. Sed placerat eleifend dui eget ornare. Nulla facilisi.</p>\r\n	<p>\r\n		Maecenas auctor lectus sit amet justo consectetur vel hendrerit dui aliquam. Nunc eu sem urna, ut tempor magna. Phasellus imperdiet, orci eu posuere porta, diam lacus tincidunt velit, id fermentum urna eros at odio. Nam commodo auctor ipsum ac aliquam. Integer imperdiet cursus augue sed auctor. Nulla elit sem, rhoncus eget condimentum nec, faucibus vitae odio. Nunc non sem aliquam ligula tincidunt tincidunt. Aenean augue felis, iaculis vitae bibendum in, semper eu arcu. Aliquam a elit enim, nec rhoncus tortor. Duis eget magna massa, vitae euismod leo. Vestibulum vehicula dui vitae urna vestibulum imperdiet.</p>\r\n	<p>\r\n		Vivamus convallis, nisl a lacinia volutpat, sapien odio vehicula lacus, non lobortis arcu sem vitae purus. Ut fringilla nibh in urna eleifend gravida. Morbi suscipit egestas sapien, nec egestas diam dignissim vitae. Maecenas auctor porta consequat. Aenean a malesuada quam. Pellentesque at sem lectus. Nunc ut dolor lectus, adipiscing vestibulum erat. Fusce id enim luctus justo gravida mattis tristique ac augue. Vestibulum sodales dolor id justo porttitor scelerisque.</p>\r\n</div>\r\n<p>\r\n	&nbsp;</p>', 0);

/*!40101 SET CHARACTER_SET_CLIENT=@OLD_CHARACTER_SET_CLIENT */;
/*!40101 SET CHARACTER_SET_RESULTS=@OLD_CHARACTER_SET_RESULTS */;
/*!40101 SET COLLATION_CONNECTION=@OLD_COLLATION_CONNECTION */;
